"Polling_firm","PollDate","LPC","CPC","NDP","BQ","GPC","SampleSize","LPC_moe","CPC_moe","NDP_moe","BQ_moe","GPC_moe","NumDays","pollster_id"
"Abacus Data",2019-09-10,0.33,0.35,0.15,0.04,0.1,2000,0.0105142760093123,0.0106653645038508,0.00798435971133566,0.00438178046004133,0.00670820393249937,1423,1
"Leger",2019-09-09,0.34,0.35,0.11,0.05,0.11,1546,0.0120477703755505,0.0121307026039812,0.00795768238410288,0.00554296402604682,0.00795768238410288,1422,11
"Mainstreet Research",2019-09-08,0.375,0.34,0.084,0.036,0.108,1876,0.0111773596555688,0.010936919341882,0.00640428960721908,0.00430103870035123,0.00716601788769312,1421,12
"Nanos Research",2019-09-06,0.346,0.307,0.165,0.04,0.11,1000,0.0150427391122761,0.0145859864253331,0.0117377595817941,0.00619677335393187,0.00989444288477123,1419,13
"Campaign Research",2019-09-05,0.34,0.34,0.12,0.04,0.12,2094,0.0103519719755337,0.0103519719755337,0.00710139418895572,0.00428230182057751,0.00710139418895572,1418,3
"Innovative Research",2019-09-05,0.33,0.34,0.13,0.05,0.11,3236,0.00826589938887752,0.00832735673609195,0.00591189954602363,0.00383126814185378,0.00550030901480486,1418,8
"Nanos Research",2019-08-30,0.354,0.313,0.157,0.044,0.103,1000,0.0151223014121528,0.0146639353517397,0.0115043904662524,0.00648567652600714,0.0096120237203203,1412,13
"EKOS",2019-08-29,0.372,0.329,0.072,0.055,0.104,902,0.016093408051283,0.0156442929670543,0.0086067059916444,0.00759091241021211,0.0101640643441062,1411,5
"Leger",2019-08-29,0.34,0.33,0.12,0.05,0.12,2102,0.0103322539157736,0.0102560000771867,0.00708786771155328,0.00475368553498826,0.00708786771155328,1411,11
"Abacus Data",2019-08-29,0.33,0.34,0.17,0.04,0.09,4549,0.00697166327433616,0.00702349791571705,0.00556936316927108,0.00290541145033837,0.00424310698823485,1411,1
"Angus Reid",2019-08-26,0.32,0.36,0.14,0.04,0.09,1534,0.0119101372355659,0.012255430108516,0.00885932356790486,0.005003258390701,0.00730683450671182,1408,2
"Nanos Research",2019-08-23,0.3366,0.3365,0.1487,0.0417,0.0941,1000,0.0149432406123973,0.0149421467667802,0.0112511470526342,0.00632148004821656,0.00923283217653175,1405,13
"EKOS",2019-08-22,0.331,0.341,0.104,0.051,0.112,1182,0.0136873167419297,0.0137883137943958,0.00887895666192821,0.00639896089280238,0.00917290204786334,1404,5
"Leger",2019-08-19,0.33,0.33,0.11,0.04,0.13,1535,0.0120016285539873,0.0120016285539873,0.0079861443531071,0.00500162839932668,0.00858375103081151,1401,11
"Ipsos",2019-08-19,0.33,0.35,0.18,0.03,0.09,1001,0.0148620025864323,0.0150755672288882,0.0121430040538801,0.00539174638414392,0.00904534033733291,1401,10
"Abacus Data",2019-08-19,0.32,0.32,0.17,0.04,0.1,2152,0.010055607472236,0.010055607472236,0.00809733996434269,0.00422420006285258,0.0064669592033884,1401,1
"DART/Maru",2019-08-17,0.32,0.39,0.15,0.05,0.07,1512,0.0119964721445658,0.0125435748429732,0.00918288608365566,0.00560493924278791,0.00656167322834318,1399,4
"Nanos Research",2019-08-16,0.3461,0.3141,0.1458,0.0416,0.1,1000,0.0150437624948016,0.0146779150426755,0.0111598548377656,0.00631422520979415,0.00948683298050514,1398,13
"Campaign Research",2019-08-13,0.32,0.33,0.13,0.04,0.12,2365,0.00959210387035188,0.00966893851945617,0.0069153749101543,0.00402948960407452,0.00668215255667645,1395,3
"Nanos Research",2019-08-09,0.35,0.3246,0.1475,0.0369,0.098,1000,0.0150831031289984,0.0148065809692852,0.0112135520688139,0.00596140839064059,0.00940191469861326,1391,13
"Abacus Data",2019-08-06,0.32,0.33,0.17,0.04,0.1,1422,0.0123702833429932,0.0124693717591349,0.00996124699179299,0.00519655841969305,0.0079555728417573,1388,1
"Nanos Research",2019-08-02,0.367,0.308,0.161,0.037,0.093,1000,0.0152417518678136,0.0145991780590552,0.0116223491601311,0.00596917079668525,0.00918428004799505,1384,13
"Mainstreet Research",2019-07-31,0.345,0.341,0.111,0.044,0.111,2463,0.0095785107638456,0.0095518543348539,0.00632965681693875,0.00413259721288126,0.00632965681693875,1382,12
"Innovative Research",2019-07-31,0.36,0.32,0.14,0.04,0.1,1804,0.0113011586243523,0.0109827520491024,0.00816949058979041,0.00461367868865275,0.00706322414022017,1382,8
"Forum Research",2019-07-28,0.31,0.34,0.12,0.05,0.12,1733,0.0111097966780383,0.0113792108557642,0.00780607424720736,0.00523537172872291,0.00780607424720736,1379,7
"EKOS",2019-07-25,0.306,0.36,0.099,0.046,0.129,1115,0.0138007603611933,0.0143748659576515,0.00894422177380533,0.00627358330889391,0.0100384462735746,1376,5
"Leger",2019-07-23,0.33,0.36,0.11,0.04,0.12,1536,0.0119977211377828,0.0122474487139159,0.00798354427348322,0.005,0.0082915619758885,1374,11
"EKOS",2019-07-18,0.336,0.313,0.125,0.031,0.125,1186,0.0137154901904225,0.0134650568943079,0.00960321580483675,0.0050326924458621,0.00960321580483675,1369,5
"Nanos Research",2019-07-19,0.356,0.3,0.186,0.04,0.09,1000,0.0151414662433993,0.0144913767461894,0.01230463327369,0.00619677335393187,0.00904986187739901,1370,13
"Research Co.",2019-07-17,0.34,0.31,0.17,0.04,0.1,1000,0.0149799866488592,0.0146253205093085,0.0118785521003193,0.00619677335393187,0.00948683298050514,1368,15
"Abacus Data",2019-07-17,0.32,0.32,0.16,0.04,0.11,1500,0.0120443624433453,0.0120443624433453,0.00946572765295938,0.00505964425626941,0.00807877878560037,1368,1
"Ipsos",2019-07-15,0.31,0.37,0.18,0.05,0.07,1000,0.0146253205093085,0.0152676127799994,0.01214907403879,0.00689202437604511,0.00806845710157772,1366,10
"Campaign Research",2019-07-12,0.33,0.32,0.14,0.04,0.14,1896,0.0107987927126431,0.0107129796270436,0.00796882109879757,0.0045003516037041,0.00796882109879757,1363,3
"Angus Reid",2019-07-12,0.3,0.38,0.14,0.04,0.1,2361,0.00943108488641093,0.00998940565440461,0.00714110222285198,0.00403290153491789,0.00617409433964744,1363,2
"Nanos Research",2019-07-12,0.359,0.297,0.185,0.048,0.083,1000,0.0151696736945789,0.0144496020706454,0.0122790471943062,0.00675988165576883,0.00872416185085994,1363,13
"EKOS",2019-07-08,0.307,0.323,0.108,0.05,0.149,948,0.0149806837653009,0.0151876796059947,0.0100806871375198,0.00707852281426482,0.0115652159257526,1359,5
"Innovative Research",2019-07-08,0.35,0.32,0.12,0.04,0.11,2515,0.00951090197937255,0.00930165978476374,0.00647982033474513,0.00390747868350268,0.00623910581348711,1359,8
"Nanos Research",2019-07-05,0.346,0.304,0.179,0.049,0.088,1000,0.0150427391122761,0.0145459272650457,0.0121226647235663,0.00682634602111554,0.00895857131466843,1356,13
"Abacus Data",2019-07-02,0.32,0.33,0.16,0.04,0.11,3092,0.00838899050587331,0.00845618797897932,0.00659295166393244,0.00352408089914234,0.00562693117632788,1353,1
"Mainstreet Research",2019-07-02,0.35,0.332,0.104,0.045,0.103,2651,0.00926372889033365,0.0091464467275809,0.00592878648981354,0.0040262717028253,0.00590350547039034,1353,12
"EKOS",2019-06-29,0.316,0.341,0.097,0.038,0.126,1194,0.0134545578012858,0.0137188508145432,0.00856500417293606,0.0055332102264766,0.00960370531507993,1350,5
"Nanos Research",2019-06-28,0.345,0.317,0.165,0.046,0.098,1000,0.0150324648677454,0.0147143127600306,0.0117377595817941,0.00662449998113065,0.00940191469861326,1349,13
"DART/Maru",2019-06-26,0.33,0.37,0.17,0.05,0.07,1512,0.0120925662590766,0.0124163870214594,0.00966023321768713,0.00560493924278791,0.00656167322834318,1347,4
"Forum Research",2019-06-23,0.29,0.35,0.13,0.05,0.12,1539,0.0115666838004266,0.0121582589978315,0.00857258880108201,0.00555555555555556,0.00828347658929861,1344,7
"Nanos Research",2019-06-21,0.325,0.328,0.169,0.049,0.102,1000,0.0148113132435986,0.0148464137083674,0.0118506961820815,0.00682634602111554,0.00957057991973318,1342,13
"EKOS",2019-06-17,0.301,0.342,0.12,0.043,0.132,2491,0.00919041180846391,0.00950471581066522,0.00651096102033101,0.00406446448348797,0.00678203402733816,1338,5
"Nanos Research",2019-06-14,0.303,0.34,0.168,0.046,0.114,1000,0.0145324120503102,0.0149799866488592,0.0118226900492231,0.00662449998113065,0.0100500746265886,1335,13
"Leger",2019-06-10,0.29,0.38,0.13,0.04,0.11,1528,0.0116082431444437,0.012417265466897,0.0086033902972799,0.00501307191773228,0.00800441632027422,1331,11
"Ipsos",2019-06-07,0.31,0.37,0.18,0.05,0.06,1003,0.0146034317659232,0.0152447627605393,0.0121308913286172,0.00688170954206409,0.00749875363522197,1328,10
"Nanos Research",2019-06-07,0.309,0.342,0.169,0.04,0.113,1000,0.0146122893483533,0.0150011999520038,0.0118506961820815,0.00619677335393187,0.0100115433375679,1328,13
"Campaign Research",2019-06-06,0.32,0.35,0.14,0.04,0.12,2735,0.00891971093390498,0.00912036113336117,0.00663490300176113,0.00374702807281021,0.00621374309821998,1327,3
"Angus Reid",2019-06-04,0.26,0.37,0.15,0.05,0.12,4698,0.00639949976759405,0.007043923497423,0.00520953051374987,0.00317973039706855,0.00474106001479173,1325,2
"Forum Research",2019-06-02,0.3,0.34,0.13,0.06,0.13,1633,0.011340091401505,0.0117224485131171,0.0083222011785106,0.00587687508350239,0.0083222011785106,1323,7
"Nanos Research",2019-05-31,0.295,0.343,0.164,0.044,0.115,1000,0.0144213383567546,0.0150116954405557,0.0117091417277271,0.00648567652600714,0.0100883596287999,1321,13
"Innovative Research",2019-05-30,0.33,0.33,0.12,0.05,0.13,1691,0.011434641878546,0.011434641878546,0.00790242086136495,0.0052999894000318,0.00817823335978187,1320,8
"Abacus Data",2019-05-30,0.33,0.32,0.16,0.03,0.12,1500,0.012140840168621,0.0120443624433453,0.00946572765295938,0.00440454310910905,0.00839047078536121,1320,1
"Nanos Research",2019-05-24,0.292,0.348,0.156,0.047,0.115,1000,0.0143783170086071,0.0150630674166984,0.0114744934528719,0.00669260786241059,0.0100883596287999,1314,13
"Nanos Research",2019-05-17,0.306,0.359,0.142,0.04,0.111,1000,0.0145727142289966,0.0151696736945789,0.0110379345894058,0.00619677335393187,0.00993373041711924,1307,13
"Nanos Research",2019-05-10,0.297,0.354,0.15,0.044,0.113,1000,0.0144496020706454,0.0151223014121528,0.0112915897906362,0.00648567652600714,0.0100115433375679,1300,13
"Nanos Research",2019-05-03,0.318,0.345,0.159,0.046,0.097,1000,0.0147267104269759,0.0150324648677454,0.0115636931816786,0.00662449998113065,0.00935900635751467,1293,13
"Campaign Research",2019-05-01,0.31,0.35,0.17,0.03,0.1,1471,0.0120586601594143,0.0124361045398101,0.00979393394301889,0.00444774784705079,0.00782194789018291,1291,3
"Angus Reid",2019-04-30,0.25,0.38,0.18,0.05,0.11,1525,0.0110883190643186,0.0124294731697964,0.00983803259020327,0.00558099820673744,0.00801228564839493,1290,2
"Abacus Data",2019-04-30,0.31,0.34,0.17,0.04,0.09,4015,0.00729898745941875,0.00747598896193033,0.00592817113041047,0.00309259349020225,0.00451647048080523,1290,1
"Nanos Research",2019-04-26,0.32,0.349,0.165,0.041,0.09,1000,0.0147512711316686,0.0150731217735411,0.0117377595817941,0.00627048642451285,0.00904986187739901,1286,13
"Ipsos",2019-04-25,0.32,0.36,0.19,0.05,NA,1000,0.0147512711316686,0.0151789327688082,0.0124056438768812,0.00689202437604511,NA,1285,10
"Forum Research",2019-04-24,0.3,0.37,0.14,0.06,0.09,1595,0.0114743819879883,0.0120890115653414,0.00868826181793159,0.00594646967262073,0.00716574925478454,1284,7
"Leger",2019-04-22,0.27,0.4,0.12,0.05,0.11,1522,0.0113798355449551,0.0125573585444418,0.00832960932997539,0.00558649582574248,0.00802017823180433,1282,11
"Nanos Research",2019-04-18,0.33,0.355,0.152,0.047,0.084,1000,0.0148694317309035,0.0151319199046255,0.0113532374237483,0.00669260786241059,0.00877177291087725,1278,13
"Nanos Research",2019-04-12,0.341,0.35,0.149,0.045,0.088,1000,0.0149906304070243,0.0150831031289984,0.0112605062053178,0.00655553201502365,0.00895857131466843,1272,13
"Innovative Research",2019-04-10,0.36,0.32,0.13,0.04,0.1,2527,0.00954857616023311,0.00927954804243098,0.00669003949264413,0.00389818989377916,0.00596786010014569,1270,8
"Forum Research",2019-04-06,0.29,0.42,0.12,0.06,0.09,1634,0.0112254083187056,0.012209914305348,0.00803907227150845,0.00587507649888995,0.00707971743933385,1266,7
"Campaign Research",2019-04-06,0.32,0.34,0.15,0.05,0.1,2035,0.0103406357120221,0.0105009652066022,0.00791540034701737,0.00483130658740711,0.00665026647782209,1266,3
"Nanos Research",2019-04-05,0.328,0.349,0.166,0.04,0.095,1000,0.0148464137083674,0.0150731217735411,0.0117662228433767,0.00619677335393187,0.00927227048785787,1265,13
"Nanos Research",2019-03-29,0.346,0.351,0.166,0.044,0.081,1000,0.0150427391122761,0.0150930116279025,0.0117662228433767,0.00648567652600714,0.00862780389206894,1258,13
"Ipsos",2019-03-27,0.3,0.4,0.21,0.05,NA,1002,0.0144769070703432,0.0154764646506827,0.0128673564602621,0.00688514267250567,NA,1256,10
"Mainstreet Research",2019-03-25,0.35,0.374,0.116,0.031,0.079,8501,0.00517315739793676,0.00524792910685718,0.00347312264005153,0.00187978304179016,0.0029255555756848,1254,12
"Angus Reid",2019-03-25,0.28,0.37,0.17,0.05,0.08,5807,0.00589208971406185,0.00633570902786953,0.0049293265990215,0.00286003199641062,0.00356010653391233,1254,2
"Nanos Research",2019-03-22,0.325,0.346,0.194,0.039,0.083,1000,0.0148113132435986,0.0150427391122761,0.0125045591685593,0.00612200947402076,0.00872416185085994,1251,13
"Forum Research",2019-03-20,0.35,0.41,0.14,0.01,0.06,1490,0.0123565595437561,0.0127416244368052,0.00898918067053482,0.00257765306083139,0.0061524262688218,1249,7
"Leger",2019-03-20,0.31,0.37,0.14,0.04,0.1,1513,0.0118901115279904,0.0124122831089291,0.0089205941135701,0.00503786062295415,0.00771261745093591,1249,11
"Nanos Research",2019-03-15,0.326,0.355,0.199,0.032,0.077,1000,0.0148230900961979,0.0151319199046255,0.0126253316788115,0.00556560868189635,0.00843036179532053,1244,13
"Abacus Data",2019-03-10,0.32,0.34,0.16,0.04,0.11,900,0.0155492050529208,0.015790292376436,0.0122202018532156,0.00653197264742181,0.0104296585647747,1239,1
"Campaign Research",2019-03-10,0.3,0.36,0.16,0.04,0.1,1893,0.0105325696661257,0.0110322966302667,0.00842605573290054,0.0045039162391966,0.00689518539391667,1239,3
"Abacus Data",2019-03-09,0.31,0.35,0.16,0.04,0.11,900,0.0154164414397962,0.0158989866902824,0.0122202018532156,0.00653197264742181,0.0104296585647747,1238,1
"Abacus Data",2019-03-08,0.31,0.36,0.15,0.05,0.1,900,0.0154164414397962,0.016,0.0119023807142381,0.00726483157256779,0.01,1237,1
"Nanos Research",2019-03-08,0.329,0.361,0.179,0.036,0.083,1000,0.0148579608291313,0.0151881203577006,0.0121226647235663,0.00589101010014412,0.00872416185085994,1237,13
"Abacus Data",2019-03-07,0.33,0.34,0.16,0.04,0.1,900,0.0156737572606783,0.015790292376436,0.0122202018532156,0.00653197264742181,0.01,1236,1
"Abacus Data",2019-03-06,0.32,0.34,0.18,0.04,0.09,900,0.0155492050529208,0.015790292376436,0.0128062484748657,0.00653197264742181,0.00953939201416946,1235,1
"Abacus Data",2019-03-05,0.31,0.35,0.17,0.04,0.09,900,0.0154164414397962,0.0158989866902824,0.0125210933139953,0.00653197264742181,0.00953939201416946,1234,1
"Innovative Research",2019-03-04,0.36,0.32,0.13,0.05,0.09,2122,0.0104200198812722,0.0101264391118383,0.00730060098490601,0.00473123058876564,0.00621254090268092,1233,8
"Ipsos",2019-03-04,0.31,0.4,0.2,0.04,0.04,1000,0.0146253205093085,0.0154919333848297,0.0126491106406735,0.00619677335393187,0.00619677335393187,1233,10
"Abacus Data",2019-03-04,0.3,0.36,0.17,0.05,0.09,1500,0.0118321595661992,0.0123935467078637,0.00969879717628257,0.00562731433871138,0.00738918128076447,1233,1
"Nanos Research",2019-03-01,0.342,0.347,0.155,0.036,0.091,1000,0.0150011999520038,0.0150529399121899,0.0114444309600784,0.00589101010014412,0.00909499862561837,1230,13
"Forum Research",2019-02-28,0.33,0.42,0.12,0.03,0.05,1301,0.013036341328549,0.0136835881319932,0.00900934692706788,0.00472941959281028,0.00604238170205747,1229,7
"Abacus Data",2019-02-26,0.32,0.33,0.17,0.04,0.09,2374,0.00957390443689549,0.00965059330493835,0.00770944562282457,0.00402184431281164,0.0058735624888159,1227,1
"Angus Reid",2019-02-24,0.31,0.38,0.14,0.05,0.08,1009,0.0145599475053236,0.0152806581461527,0.0109236470746403,0.00686121805376915,0.00854069718607224,1225,2
"Nanos Research",2019-02-22,0.357,0.336,0.15,0.037,0.084,1000,0.0151509405648626,0.0149366662947259,0.0112915897906362,0.00596917079668525,0.00877177291087725,1223,13
"Leger",2019-02-19,0.34,0.36,0.12,0.05,0.08,1529,0.0121145610703838,0.0122754520629015,0.00831052033277332,0.00557369323213185,0.00693801388188617,1220,11
"Ipsos",2019-02-18,0.34,0.36,0.17,0.06,NA,1002,0.0149650290948058,0.0151637765665575,0.0118666913364026,0.00750249459511305,NA,1219,10
"Nanos Research",2019-02-15,0.379,0.318,0.137,0.041,0.078,1000,0.0153414145371279,0.0147267104269759,0.0108734079294396,0.00627048642451285,0.00848033018225116,1216,13
"Abacus Data",2019-02-11,0.33,0.35,0.15,0.04,0.09,2500,0.009404254356407,0.00953939201416946,0.00714142842854285,0.00391918358845308,0.00572363520850167,1212,1
"Campaign Research",2019-02-11,0.32,0.37,0.14,0.05,0.07,1590,0.0116985189623281,0.0121080045253091,0.00870191188419255,0.00546573086023068,0.00639870269870503,1212,3
"Nanos Research",2019-02-08,0.375,0.344,0.13,0.038,0.074,1000,0.0153093108923949,0.0150221170279026,0.0106348483769163,0.00604615580348373,0.00827792244467173,1209,13
"Abacus Data",2019-02-05,0.34,0.34,0.17,0.04,0.08,2500,0.00947417542586161,0.00947417542586161,0.00751265598839718,0.00391918358845308,0.00542586398650021,1206,1
"Nanos Research",2019-02-01,0.376,0.359,0.132,0.031,0.079,1000,0.015317441039547,0.0151696736945789,0.0107040179372047,0.00548078461536302,0.00852988862764339,1202,13
"Nanos Research",2019-01-25,0.376,0.366,0.128,0.03,0.081,1000,0.015317441039547,0.0152329905140127,0.0105648473723003,0.00539444158370447,0.00862780389206894,1195,13
"Innovative Research",2019-01-24,0.38,0.32,0.12,0.05,0.08,2451,0.0098042863589224,0.00942231870397525,0.00656387502351754,0.00440225453162812,0.00547983209336945,1194,8
"Mainstreet Research",2019-01-18,0.372,0.351,0.115,0.032,0.072,7941,0.00542392522679709,0.00535597213177854,0.00357999943015489,0.00197503624402655,0.00290069882022187,1188,12
"Nanos Research",2019-01-18,0.372,0.361,0.142,0.032,0.074,1000,0.0152845019545944,0.0151881203577006,0.0110379345894058,0.00556560868189635,0.00827792244467173,1188,13
"Nanos Research",2019-01-11,0.381,0.339,0.154,0.033,0.069,1000,0.0153570504980611,0.0149692685192029,0.0114142016803629,0.00564898220921256,0.00801492358042171,1181,13
"Innovative Research",2019-01-07,0.36,0.33,0.15,0.05,0.08,2700,0.00923760430703401,0.00904924797366548,0.00687184270936277,0.00419435246403931,0.00522104005532032,1177,8
"Nanos Research",2019-01-04,0.387,0.333,0.167,0.03,0.06,1000,0.015402305022301,0.0149033888763596,0.01179453263169,0.00539444158370447,0.00750999334220743,1174,13
"Nanos Research",2018-12-28,0.368,0.344,0.161,0.034,0.064,1000,0.0152504426165276,0.0150221170279026,0.0116223491601311,0.00573096850453743,0.00773976743836661,1167,13
"Nanos Research",2018-12-21,0.352,0.341,0.16,0.038,0.07,1000,0.0151028474136502,0.0149906304070243,0.0115931013969515,0.00604615580348373,0.00806845710157772,1160,13
"Abacus Data",2018-12-18,0.35,0.34,0.17,0.04,0.07,2000,0.0106653645038508,0.0105924501414923,0.00839940474081348,0.00438178046004133,0.00570526073023837,1157,1
"Nanos Research",2018-12-14,0.36,0.339,0.166,0.034,0.066,1000,0.0151789327688082,0.0149692685192029,0.0117662228433767,0.00573096850453743,0.00785136930732468,1153,13
"Campaign Research",2018-12-13,0.33,0.35,0.16,0.04,0.08,1494,0.0121651949376689,0.0123400068778607,0.00948471609261077,0.00506979400419582,0.00701881197588867,1152,3
"Ipsos",2018-12-12,0.38,0.33,0.18,0.04,NA,2001,0.0108508584653604,0.0105116484256128,0.00858854576984833,0.00438068542554715,NA,1151,10
"Nanos Research",2018-12-07,0.341,0.348,0.158,0.031,0.082,1000,0.0149906304070243,0.0150630674166984,0.0115341232870123,0.00548078461536302,0.00867617427210865,1146,13
"Nanos Research",2018-11-30,0.379,0.322,0.143,0.03,0.076,1000,0.0153414145371279,0.0147755202954075,0.0110702755159933,0.00539444158370447,0.00837997613361757,1139,13
"Forum Research",2018-11-29,0.34,0.43,0.11,0.04,0.06,1541,0.0120672999237488,0.0126116043099442,0.00797058186150183,0.00499188179363867,0.00604976120540637,1138,7
"Nanos Research",2018-11-23,0.396,0.315,0.145,0.024,0.069,1000,0.0154655746740947,0.0146892818068141,0.0111344061359374,0.00483983470792134,0.00801492358042171,1132,13
"Leger",2018-11-20,0.39,0.33,0.14,0.04,0.05,1521,0.0125064086135971,0.0120567363543679,0.00889710337071665,0.00502459434417062,0.0055883319788983,1129,11
"Nanos Research",2018-11-16,0.394,0.287,0.172,0.025,0.073,1000,0.0154519901630826,0.0143049292203771,0.0119338174948337,0.00493710441453287,0.0082262385085773,1125,13
"Innovative Research",2018-11-15,0.38,0.32,0.14,0.04,0.08,2490,0.00972720277857835,0.00934823824220006,0.00695366188814343,0.00392704554939053,0.0054367483785556,1124,8
"Abacus Data",2018-11-13,0.38,0.31,0.16,0.04,0.09,1500,0.0125326240934078,0.0119415241908225,0.00946572765295938,0.00505964425626941,0.00738918128076447,1122,1
"Campaign Research",2018-11-09,0.35,0.35,0.17,0.04,0.07,2512,0.00951657956537977,0.00951657956537977,0.00749469026482116,0.00390981127470645,0.00509073718586428,1118,3
"Nanos Research",2018-11-09,0.394,0.275,0.198,0.02,0.061,1000,0.0154519901630826,0.0141200212464429,0.012601428490453,0.00442718872423573,0.00756828910652864,1118,13
"Mainstreet Research",2018-11-07,0.393,0.346,0.108,0.034,0.068,7961,0.00547402540654394,0.00533142263642877,0.00347864806176854,0.00203116034823848,0.00282149055351955,1116,12
"Nanos Research",2018-11-02,0.396,0.281,0.193,0.019,0.069,1000,0.0154655746740947,0.014214042352547,0.0124800240384384,0.00431729081716764,0.00801492358042171,1111,13
"Nanos Research",2018-10-26,0.394,0.282,0.193,0.028,0.065,1000,0.0154519901630826,0.0142294061717276,0.0124800240384384,0.0052168956286282,0.00779583221984671,1104,13
"Nanos Research",2018-10-19,0.395,0.294,0.169,0.036,0.07,1000,0.0154588162548107,0.0144070815920505,0.0118506961820815,0.00589101010014412,0.00806845710157772,1097,13
"Nanos Research",2018-10-12,0.371,0.314,0.161,0.037,0.072,1000,0.0152760924322943,0.0146766481186952,0.0116223491601311,0.00596917079668525,0.00817410545564467,1090,13
"Forum Research",2018-10-10,0.32,0.41,0.15,0.04,0.07,1226,0.0133224534185608,0.0140466479894311,0.0101978790617098,0.00559654985772047,0.00728694110059831,1088,7
"Ipsos",2018-10-09,0.36,0.35,0.2,0.04,NA,2001,0.0107304440162375,0.0106626991621863,0.00894203668019792,0.00438068542554715,NA,1087,10
"Nanos Research",2018-10-05,0.373,0.311,0.162,0.038,0.067,1000,0.0152928414625929,0.0146382717559144,0.0116514376795312,0.00604615580348373,0.00790638982089803,1083,13
"Innovative Research",2018-10-01,0.38,0.31,0.15,0.05,0.07,2410,0.00988733210221974,0.00942099711930705,0.00727355238623829,0.00443954317114551,0.00519735010681213,1079,8
"Nanos Research",2018-09-28,0.38,0.317,0.167,0.026,0.06,1000,0.0153492670834799,0.0147143127600306,0.01179453263169,0.00503229569878401,0.00750999334220743,1076,13
"Nanos Research",2018-09-21,0.39,0.312,0.17,0.024,0.055,1000,0.0154240072614091,0.0146511433000978,0.0118785521003193,0.00483983470792134,0.00720936890441875,1069,13
"Pollara",2018-09-20,0.4,0.34,0.12,0.03,0.07,1002,0.0154764646506827,0.0149650290948058,0.0102659252655027,0.0053890552203206,0.00806040072702589,1068,14
"Abacus Data",2018-09-19,0.38,0.34,0.17,0.03,0.07,2000,0.0108535708409721,0.0105924501414923,0.00839940474081348,0.00381444622455213,0.00570526073023837,1067,1
"DART/Maru",2018-09-19,0.3,0.38,0.17,0.05,0.08,5769,0.00603336192004444,0.00639053729290496,0.00494553451770382,0.00286943595151391,0.00357181237568258,1067,4
"Campaign Research",2018-09-14,0.36,0.38,0.15,0.05,0.07,1486,0.0124517912898388,0.0125915222820037,0.00926287253161848,0.00565376040609037,0.00661882791037305,1062,3
"Nanos Research",2018-09-14,0.411,0.314,0.149,0.02,0.058,1000,0.0155588881350821,0.0146766481186952,0.0112605062053178,0.00442718872423573,0.00739161687318817,1062,13
"Nanos Research",2018-09-07,0.399,0.328,0.149,0.025,0.065,1000,0.0154854447788883,0.0148464137083674,0.0112605062053178,0.00493710441453287,0.00779583221984671,1055,13
"Nanos Research",2018-08-31,0.399,0.324,0.158,0.034,0.067,1000,0.0154854447788883,0.014799459449588,0.0115341232870123,0.00573096850453743,0.00790638982089803,1048,13
"Abacus Data",2018-08-25,0.37,0.34,0.18,0.03,0.06,1000,0.0152676127799994,0.0149799866488592,0.01214907403879,0.00539444158370447,0.00750999334220743,1042,1
"Nanos Research",2018-08-24,0.388,0.344,0.165,0.029,0.063,1000,0.0154096073927923,0.0150221170279026,0.0117377595817941,0.00530650544143695,0.0076831634109916,1041,13
"Abacus Data",2018-08-20,0.37,0.33,0.18,0.03,0.08,1500,0.0124659536337979,0.012140840168621,0.0099196774141098,0.00440454310910905,0.00700476028616731,1037,1
"Nanos Research",2018-08-17,0.375,0.339,0.19,0.032,0.057,1000,0.0153093108923949,0.0149692685192029,0.0124056438768812,0.00556560868189635,0.00733150734842433,1034,13
"Forum Research",2018-08-12,0.36,0.42,0.15,0.02,0.04,1777,0.0113866906876892,0.0117083292862996,0.00847054547750913,0.00332111811724268,0.0046485970072899,1029,7
"Nanos Research",2018-08-10,0.358,0.351,0.201,0.032,0.048,1000,0.0151603430040352,0.0150930116279025,0.0126727660753286,0.00556560868189635,0.00675988165576883,1027,13
"Nanos Research",2018-08-03,0.369,0.366,0.178,0.023,0.052,1000,0.0152590628807932,0.0152329905140127,0.0120961150788177,0.00474035863622153,0.00702111102319284,1020,13
"Nanos Research",2018-07-27,0.358,0.352,0.191,0.022,0.066,1000,0.0151603430040352,0.0151028474136502,0.0124305671632472,0.00463853425124791,0.00785136930732468,1013,13
"EKOS",2018-07-26,0.349,0.321,0.173,0.04,0.093,1302,0.0132098448136229,0.0129384398521016,0.0104826313812842,0.00543075386641704,0.00804895734152656,1012,5
"Abacus Data",2018-07-22,0.36,0.34,0.19,0.03,0.07,2000,0.010733126291999,0.0105924501414923,0.00877211491032807,0.00381444622455213,0.00570526073023837,1008,1
"Nanos Research",2018-07-20,0.358,0.359,0.19,0.02,0.061,1000,0.0151603430040352,0.0151696736945789,0.0124056438768812,0.00442718872423573,0.00756828910652864,1006,13
"Mainstreet Research",2018-07-17,0.394,0.369,0.118,0.024,0.07,9384,0.00504417822993451,0.00498119866633049,0.00333028419791385,0.00157992521432644,0.0026338830941127,1003,12
"Ipsos",2018-07-16,0.39,0.32,0.21,0.02,NA,1000,0.0154240072614091,0.0147512711316686,0.0128802173894698,0.00442718872423573,NA,1002,10
"Nanos Research",2018-07-13,0.373,0.345,0.184,0.018,0.071,1000,0.0152928414625929,0.0150324648677454,0.0122533260790693,0.00420428352992516,0.00812151463706124,999,13
"Nanos Research",2018-07-06,0.357,0.334,0.203,0.024,0.068,1000,0.0151509405648626,0.0149145566477854,0.0127197091161709,0.00483983470792134,0.00796090447122687,992,13
"Ipsos",2018-06-29,0.33,0.37,0.21,0.03,NA,1002,0.0148545845662116,0.0152523680305362,0.0128673564602621,0.0053890552203206,NA,985,10
"Nanos Research",2018-06-29,0.365,0.331,0.208,0.027,0.054,1000,0.0152241584332271,0.0148808265899445,0.0128349522788361,0.00512552436341883,0.00714730718522718,985,13
"Nanos Research",2018-06-22,0.367,0.32,0.206,0.036,0.057,1000,0.0152417518678136,0.0147512711316686,0.0127892142057282,0.00589101010014412,0.00733150734842433,978,13
"Campaign Research",2018-06-18,0.34,0.36,0.18,0.03,0.08,1579,0.0119212106274729,0.012079533772548,0.00966834443448635,0.00429294603822873,0.00682728200731055,974,3
"Ipsos",2018-06-15,0.32,0.36,0.2,0.05,NA,1001,0.0147439010232237,0.0151713489897843,0.0126427908248203,0.00688858094621435,NA,971,10
"Nanos Research",2018-06-15,0.369,0.325,0.199,0.041,0.051,1000,0.0152590628807932,0.0148113132435986,0.0126253316788115,0.00627048642451285,0.00695693898205238,971,13
"Angus Reid",2018-06-14,0.36,0.32,0.16,0.04,0.09,1023,0.0150073295875373,0.0145845028158365,0.01146203730234,0.00612671664853987,0.00894755000133517,970,2
"Nanos Research",2018-06-08,0.353,0.33,0.22,0.041,0.048,1000,0.0151126106282138,0.0148694317309035,0.0130996183150503,0.00627048642451285,0.00675988165576883,964,13
"Nanos Research",2018-06-01,0.341,0.34,0.212,0.044,0.054,1000,0.0149906304070243,0.0149799866488592,0.0129250145067617,0.00648567652600714,0.00714730718522718,957,13
"Forum Research",2018-05-31,0.31,0.44,0.17,0.02,0.05,969,0.0148574235335649,0.0159462461331147,0.0120670640624685,0.00449744796342265,0.00700140042014005,956,7
"Nanos Research",2018-05-25,0.33,0.36,0.198,0.04,0.064,1000,0.0148694317309035,0.0151789327688082,0.012601428490453,0.00619677335393187,0.00773976743836661,950,13
"Nanos Research",2018-05-18,0.351,0.34,0.201,0.036,0.059,1000,0.0150930116279025,0.0149799866488592,0.0126727660753286,0.00589101010014412,0.00745110730026081,943,13
"Forum Research",2018-05-16,0.3,0.46,0.18,0.02,0.04,1484,0.0118957737857722,0.01293775269295,0.00997300939747118,0.00363421892155816,0.00508684684079157,941,7
"Innovative Research",2018-05-14,0.35,0.38,0.15,0.04,0.07,2327,0.00988763688292059,0.0100621190508623,0.00740213328290878,0.00406225723217641,0.00528922817430344,939,8
"Nanos Research",2018-05-11,0.361,0.344,0.185,0.037,0.06,1000,0.0151881203577006,0.0150221170279026,0.0122790471943062,0.00596917079668525,0.00750999334220743,936,13
"Leger",2018-05-10,0.39,0.36,0.15,0.02,NA,2103,0.0106359817796265,0.0104669849817272,0.00778637751142061,0.00305287061967044,NA,935,11
"Nanos Research",2018-05-04,0.38,0.332,0.176,0.042,0.054,1000,0.0153492670834799,0.0148921455808087,0.0120425910833176,0.00634318531969546,0.00714730718522718,929,13
"Innovative Research",2018-05-02,0.35,0.38,0.16,0.04,0.06,1000,0.0150831031289984,0.0153492670834799,0.0115931013969515,0.00619677335393187,0.00750999334220743,927,8
"Ipsos",2018-04-30,0.36,0.35,0.2,0.03,NA,1907,0.0109917259247311,0.0109223315112832,0.00915977160394255,0.00390634995939225,NA,925,10
"Nanos Research",2018-04-27,0.392,0.306,0.182,0.044,0.059,1000,0.015438134602341,0.0145727142289966,0.0122014753206323,0.00648567652600714,0.00745110730026081,922,13
"Forum Research",2018-04-20,0.3,0.43,0.14,0.04,0.08,1585,0.0115105218632636,0.0124353216273148,0.00871562648984054,0.0049221061891775,0.00681434745447309,915,7
"Nanos Research",2018-04-20,0.382,0.316,0.179,0.037,0.07,1000,0.015364764885933,0.0147018366199601,0.0121226647235663,0.00596917079668525,0.00806845710157772,915,13
"Mainstreet Research",2018-04-18,0.404,0.371,0.119,0.026,0.059,9401,0.0050608886971411,0.00498224696398388,0.00333944587232331,0.00164126657901939,0.00243015397357523,913,12
"Nanos Research",2018-04-13,0.411,0.292,0.158,0.038,0.082,1000,0.0155588881350821,0.0143783170086071,0.0115341232870123,0.00604615580348373,0.00867617427210865,908,13
"Nanos Research",2018-04-06,0.382,0.329,0.172,0.03,0.07,1000,0.015364764885933,0.0148579608291313,0.0119338174948337,0.00539444158370447,0.00806845710157772,901,13
"Nanos Research",2018-03-29,0.391,0.337,0.164,0.024,0.065,1000,0.0154311049507156,0.0149476085043729,0.0117091417277271,0.00483983470792134,0.00779583221984671,893,13
"Ipsos",2018-03-23,0.31,0.38,0.23,0.03,NA,1003,0.0146034317659232,0.0153262948574607,0.0132879753586693,0.00538636808217282,NA,887,10
"Nanos Research",2018-03-23,0.381,0.347,0.168,0.031,0.055,1000,0.0153570504980611,0.0150529399121899,0.0118226900492231,0.00548078461536302,0.00720936890441875,887,13
"Nanos Research",2018-03-16,0.359,0.348,0.185,0.035,0.062,1000,0.0151696736945789,0.0150630674166984,0.0122790471943062,0.00581162627841812,0.00762600813007697,880,13
"Angus Reid",2018-03-15,0.3,0.4,0.19,0.04,0.06,5423,0.00622285734460109,0.00665251432864776,0.00532720620447987,0.0026610057314591,0.00322492597121592,879,2
"Nanos Research",2018-03-09,0.358,0.331,0.193,0.045,0.067,1000,0.0151603430040352,0.0148808265899445,0.0124800240384384,0.00655553201502365,0.00790638982089803,873,13
"Leger",2018-03-08,0.38,0.38,0.14,0.03,0.05,1536,0.0123848866230849,0.0123848866230849,0.00885355390036491,0.00435262133662004,0.00556097825626631,872,11
"Abacus Data",2018-03-04,0.36,0.33,0.18,0.03,0.08,4023,0.00756774031744643,0.00741343279671901,0.00605714768115488,0.00268949956396145,0.00427724267162691,868,1
"Nanos Research",2018-03-02,0.365,0.327,0.19,0.04,0.071,1000,0.0152241584332271,0.0148347901906296,0.0124056438768812,0.00619677335393187,0.00812151463706124,866,13
"Ipsos",2018-03-01,0.33,0.38,0.21,0.03,NA,1001,0.0148620025864323,0.0153415982011209,0.012873782106835,0.00539174638414392,NA,865,10
"Forum Research",2018-03-01,0.34,0.46,0.14,0.02,0.03,941,0.0154424646048227,0.0162472919348996,0.0113114539487949,0.00456386956647166,0.00556098447694436,865,7
"Nanos Research",2018-02-23,0.377,0.315,0.192,0.038,0.069,1000,0.0153255016231117,0.0146892818068141,0.0124553602918583,0.00604615580348373,0.00801492358042171,859,13
"Nanos Research",2018-02-16,0.366,0.308,0.203,0.033,0.08,1000,0.0152329905140127,0.0145991780590552,0.0127197091161709,0.00564898220921256,0.00857904423581089,852,13
"Campaign Research",2018-02-10,0.39,0.32,0.16,0.04,0.07,2227,0.0103356337759262,0.00988483301144345,0.00776854213923157,0.00415246043996006,0.0054066765092446,846,3
"Nanos Research",2018-02-09,0.381,0.304,0.185,0.031,0.088,1000,0.0153570504980611,0.0145459272650457,0.0122790471943062,0.00548078461536302,0.00895857131466843,845,13
"Nanos Research",2018-02-02,0.381,0.303,0.197,0.03,0.076,1000,0.0153570504980611,0.0145324120503102,0.0125774003673255,0.00539444158370447,0.00837997613361757,838,13
"Abacus Data",2018-01-28,0.39,0.32,0.18,0.04,0.06,1411,0.0129847536392878,0.0124184084113013,0.0102277398256841,0.00521677499210135,0.00632231376247073,833,1
"Nanos Research",2018-01-26,0.378,0.306,0.199,0.035,0.075,1000,0.0153334927527945,0.0145727142289966,0.0126253316788115,0.00581162627841812,0.00832916562447884,831,13
"Forum Research",2018-01-24,0.38,0.43,0.12,0.03,0.03,1408,0.0129355921957422,0.0131938131162092,0.00866025403784439,0.00454616471724943,0.00454616471724943,829,7
"Nanos Research",2018-01-19,0.379,0.344,0.173,0.037,0.06,1000,0.0153414145371279,0.0150221170279026,0.011961229033841,0.00596917079668525,0.00750999334220743,824,13
"Nanos Research",2018-01-12,0.37,0.338,0.2,0.038,0.045,1000,0.0152676127799994,0.0149584758581882,0.0126491106406735,0.00604615580348373,0.00655553201502365,817,13
"Campaign Research",2018-01-11,0.42,0.29,0.16,0.04,0.07,1887,0.0113619452419925,0.0104458124313187,0.00843944105624374,0.00451107099547681,0.00587360239439481,816,3
"Mainstreet Research",2018-01-06,0.403,0.345,0.131,0.044,0.077,9830,0.00494723943492223,0.00479461167551903,0.00340305350287627,0.00206860955065032,0.00268886782362763,811,12
"Nanos Research",2018-01-05,0.409,0.307,0.195,0.037,0.048,1000,0.0155473148807117,0.0145859864253331,0.0125289664378192,0.00596917079668525,0.00675988165576883,810,13
"Nanos Research",2017-12-29,0.416,0.301,0.201,0.035,0.042,1000,0.0155866609637857,0.0145051370210695,0.0126727660753286,0.00581162627841812,0.00634318531969546,803,13
"Nanos Research",2017-12-22,0.428,0.291,0.2,0.033,0.042,1000,0.0156465970741245,0.0143638086871136,0.0126491106406735,0.00564898220921256,0.00634318531969546,796,13
"Nanos Research",2017-12-15,0.419,0.293,0.191,0.034,0.057,1000,0.0156025318458255,0.0143927412260486,0.0124305671632472,0.00573096850453743,0.00733150734842433,789,13
"Forum Research",2017-12-14,0.38,0.39,0.12,0.05,0.05,1284,0.0135458147253389,0.0136117733536735,0.0090687921276323,0.00608225036235808,0.00608225036235808,788,7
"Ipsos",2017-12-14,0.38,0.31,0.2,0.05,NA,2098,0.0105970479908376,0.0100972393323803,0.00873287511199145,0.00475821501246652,NA,788,10
"Nanos Research",2017-12-08,0.407,0.303,0.175,0.038,0.067,1000,0.0155354755318271,0.0145324120503102,0.0120156148406979,0.00604615580348373,0.00790638982089803,782,13
"Nanos Research",2017-12-01,0.401,0.307,0.165,0.042,0.069,1000,0.0154983547513922,0.0145859864253331,0.0117377595817941,0.00634318531969546,0.00801492358042171,775,13
"Leger",2017-11-30,0.4,0.34,0.13,0.04,0.08,1609,0.0122131474054112,0.0118095514955392,0.00838403881781894,0.00488525896216448,0.0067633347786083,774,11
"Nanos Research",2017-11-24,0.388,0.306,0.172,0.044,0.069,1000,0.0154096073927923,0.0145727142289966,0.0119338174948337,0.00648567652600714,0.00801492358042171,768,13
"Nanos Research",2017-11-17,0.393,0.307,0.166,0.05,0.07,1000,0.015445096309185,0.0145859864253331,0.0117662228433767,0.00689202437604511,0.00806845710157772,761,13
"Abacus Data",2017-11-14,0.4,0.32,0.18,0.04,0.06,1500,0.0126491106406735,0.0120443624433453,0.0099196774141098,0.00505964425626941,0.00613188388670236,758,1
"Nanos Research",2017-11-10,0.383,0.309,0.175,0.053,0.06,1000,0.0153724103510152,0.0146122893483533,0.0120156148406979,0.00708456067798138,0.00750999334220743,754,13
"Campaign Research",2017-11-09,0.38,0.3,0.19,0.05,0.07,2616,0.00949005595765961,0.00895964448835991,0.00767008964936902,0.00426116091631612,0.00498851892859167,753,3
"Forum Research",2017-11-06,0.36,0.38,0.14,0.06,0.06,1281,0.0134111701494507,0.0135616670592892,0.00969479608028201,0.00663536758925204,0.00663536758925204,750,7
"Nanos Research",2017-11-03,0.366,0.296,0.19,0.059,0.064,1000,0.0152329905140127,0.0144355117678592,0.0124056438768812,0.00745110730026081,0.00773976743836661,747,13
"Nanos Research",2017-10-27,0.361,0.296,0.185,0.061,0.066,1000,0.0151881203577006,0.0144355117678592,0.0122790471943062,0.00756828910652864,0.00785136930732468,740,13
"Insights West",2017-10-26,0.35,0.33,0.2,0.04,0.07,1005,0.0150455361886501,0.0148323969741913,0.0126176059575302,0.00618133927429005,0.00804836128680771,739,9
"Ipsos",2017-10-25,0.38,0.3,0.23,0.04,NA,1001,0.0153415982011209,0.014484136487558,0.0133012434352235,0.00619367728911011,NA,738,10
"Leger",2017-10-25,0.42,0.3,0.15,0.04,0.07,1534,0.0126016078939311,0.0117002991971907,0.00911679968551832,0.005003258390701,0.0065144508904567,738,11
"Abacus Data",2017-10-23,0.39,0.35,0.15,0.05,0.05,1500,0.0125936491931449,0.0123153021346074,0.00921954445729289,0.00562731433871138,0.00562731433871138,736,1
"Nanos Research",2017-10-20,0.35,0.308,0.177,0.063,0.069,1000,0.0150831031289984,0.0145991780590552,0.0120694241784768,0.0076831634109916,0.00801492358042171,733,13
"Environics",2017-10-16,0.38,0.3,0.2,0.05,0.07,2000,0.0108535708409721,0.0102469507659596,0.00894427190999916,0.00487339717240448,0.00570526073023837,729,6
"Nanos Research",2017-10-13,0.346,0.313,0.163,0.072,0.073,1000,0.0150427391122761,0.0146639353517397,0.0116803681448831,0.00817410545564467,0.0082262385085773,726,13
"Angus Reid",2017-10-12,0.35,0.35,0.18,0.04,0.06,1492,0.0123482748900968,0.0123482748900968,0.00994623616957786,0.00507319085148091,0.0061483012758882,725,2
"Campaign Research",2017-10-11,0.38,0.3,0.19,0.04,0.08,2002,0.0108481481222519,0.0102418311299838,0.00876773213967711,0.00437959121161087,0.00606326947803219,724,3
"Nanos Research",2017-10-06,0.369,0.32,0.154,0.066,0.056,1000,0.0152590628807932,0.0147512711316686,0.0114142016803629,0.00785136930732468,0.00727076337120113,719,13
"Angus Reid",2017-10-04,0.37,0.36,0.14,0.04,0.08,1477,0.0125626392614478,0.0124896707491893,0.00902865370239246,0.00509888673181305,0.00705908903346577,717,2
"EKOS",2017-10-01,0.344,0.333,0.145,0.045,0.089,4839,0.00682894051818806,0.00677496760057498,0.00506161661944402,0.00298009515652965,0.00409332644036434,714,5
"Nanos Research",2017-09-29,0.381,0.312,0.152,0.063,0.067,1000,0.0153570504980611,0.0146511433000978,0.0113532374237483,0.0076831634109916,0.00790638982089803,712,13
"Ipsos",2017-09-27,0.39,0.32,0.2,0.05,NA,1001,0.0154163010369653,0.0147439010232237,0.0126427908248203,0.00688858094621435,NA,710,10
"Nanos Research",2017-09-22,0.385,0.325,0.146,0.061,0.057,1000,0.0153874949228261,0.0148113132435986,0.0111661989951818,0.00756828910652864,0.00733150734842433,705,13
"Nanos Research",2017-09-15,0.409,0.3,0.155,0.06,0.055,1000,0.0155473148807117,0.0144913767461894,0.0114444309600784,0.00750999334220743,0.00720936890441875,698,13
"Forum Research",2017-09-14,0.35,0.39,0.15,0.05,0.04,1350,0.012981468272831,0.0132748718344933,0.0097182531580755,0.0059317101400174,0.00533333333333333,697,7
"Campaign Research",2017-09-11,0.42,0.3,0.16,0.05,0.06,1770,0.0117314585045538,0.0108923857715658,0.00871390861725268,0.00518036274715298,0.00564485666599791,694,3
"Nanos Research",2017-09-08,0.42,0.301,0.159,0.046,0.059,1000,0.0156076904121013,0.0145051370210695,0.0115636931816786,0.00662449998113065,0.00745110730026081,691,13
"Abacus Data",2017-09-03,0.43,0.31,0.17,0.03,0.06,1512,0.0127319744974287,0.0118940427932749,0.00966023321768713,0.00438702994587816,0.00610750254208603,686,1
"Nanos Research",2017-09-01,0.412,0.32,0.157,0.049,0.047,1000,0.0155645751628498,0.0147512711316686,0.0115043904662524,0.00682634602111554,0.00669260786241059,684,13
"Mainstreet Research",2017-08-31,0.43,0.32,0.15,0.04,0.05,2000,0.0110702303499069,0.0104307238483242,0.00798435971133566,0.00438178046004133,0.00487339717240448,683,12
"Nanos Research",2017-08-25,0.419,0.308,0.164,0.043,0.05,1000,0.0156025318458255,0.0145991780590552,0.0117091417277271,0.00641490451994416,0.00689202437604511,677,13
"Nanos Research",2017-08-18,0.394,0.31,0.182,0.051,0.049,1000,0.0154519901630826,0.0146253205093085,0.0122014753206323,0.00695693898205238,0.00682634602111554,670,13
"Forum Research",2017-08-17,0.42,0.35,0.14,0.04,0.04,1150,0.0145542463548107,0.0140650661909755,0.0102320893357082,0.00577852094811692,0.00577852094811692,669,7
"Nanos Research",2017-08-11,0.378,0.311,0.192,0.052,0.054,1000,0.0153334927527945,0.0146382717559144,0.0124553602918583,0.00702111102319284,0.00714730718522718,663,13
"Nanos Research",2017-08-04,0.375,0.293,0.202,0.064,0.054,1000,0.0153093108923949,0.0143927412260486,0.0126962986732354,0.00773976743836661,0.00714730718522718,656,13
"Nanos Research",2017-07-28,0.367,0.291,0.2,0.058,0.068,1000,0.0152417518678136,0.0143638086871136,0.0126491106406735,0.00739161687318817,0.00796090447122687,649,13
"Nanos Research",2017-07-21,0.39,0.303,0.184,0.042,0.062,1000,0.0154240072614091,0.0145324120503102,0.0122533260790693,0.00634318531969546,0.00762600813007697,642,13
"Abacus Data",2017-07-18,0.43,0.31,0.16,0.03,0.05,2036,0.0109719234469503,0.010249826295907,0.00812476386236877,0.00378057281966552,0.00483011997150136,639,1
"Nanos Research",2017-07-14,0.383,0.312,0.162,0.059,0.061,1000,0.0153724103510152,0.0146511433000978,0.0116514376795312,0.00745110730026081,0.00756828910652864,635,13
"Campaign Research",2017-07-10,0.4,0.31,0.19,0.04,0.05,1540,0.0124837556786472,0.0117854191226322,0.00999675271951172,0.00499350227145887,0.00555375151083984,631,3
"Nanos Research",2017-07-07,0.398,0.33,0.136,0.053,0.064,1000,0.0154788888490098,0.0148694317309035,0.0108399261990108,0.00708456067798138,0.00773976743836661,628,13
"Nanos Research",2017-06-30,0.389,0.316,0.14,0.063,0.076,1000,0.0154168414404508,0.0147018366199601,0.0109726933794762,0.0076831634109916,0.00837997613361757,621,13
"Nanos Research",2017-06-23,0.383,0.311,0.157,0.068,0.062,1000,0.0153724103510152,0.0146382717559144,0.0115043904662524,0.00796090447122687,0.00762600813007697,614,13
"EKOS",2017-06-19,0.353,0.33,0.152,0.037,0.085,5658,0.00635342666593661,0.00625119288722205,0.00477296498714053,0.00250947303852244,0.00370756299067171,610,5
"Nanos Research",2017-06-16,0.375,0.309,0.165,0.067,0.065,1000,0.0153093108923949,0.0146122893483533,0.0117377595817941,0.00790638982089803,0.00779583221984671,607,13
"Campaign Research",2017-06-12,0.39,0.3,0.19,0.05,0.07,2767,0.00927241031561249,0.00871174325526857,0.00745786865282502,0.00414326036268056,0.00485049336348091,603,3
"Angus Reid",2017-06-12,0.37,0.34,0.17,0.04,0.06,5406,0.00656648741236416,0.00644278153923165,0.00510887746288924,0.00266518641861108,0.00322999262944012,603,2
"Nanos Research",2017-06-09,0.368,0.305,0.173,0.061,0.071,1000,0.0152504426165276,0.0145593612497252,0.011961229033841,0.00756828910652864,0.00812151463706124,600,13
"Forum Research",2017-06-08,0.42,0.34,0.12,0.05,0.06,1483,0.012816459410749,0.0123010122439261,0.008438424782616,0.00565947608782576,0.00616692939852067,599,7
"Nanos Research",2017-06-02,0.4,0.281,0.165,0.062,0.073,1000,0.0154919333848297,0.014214042352547,0.0117377595817941,0.00762600813007697,0.0082262385085773,593,13
"Angus Reid",2017-05-31,0.4,0.33,0.16,0.04,0.06,1958,0.011071316776171,0.0106264457046845,0.00828501483937488,0.00442852671046839,0.00536701993309195,591,2
"Mainstreet Research",2017-05-29,0.41,0.33,0.17,0.04,0.05,2800,0.00929477579841801,0.00888618510466025,0.00709879265388539,0.00370328039909021,0.00411877235523957,589,12
"Nanos Research",2017-05-26,0.403,0.286,0.167,0.057,0.072,1000,0.0155109960995418,0.0142899965010493,0.01179453263169,0.00733150734842433,0.00817410545564467,586,13
"Nanos Research",2017-05-19,0.421,0.279,0.162,0.052,0.074,1000,0.0156127832240123,0.0141830532678969,0.0116514376795312,0.00702111102319284,0.00827792244467173,579,13
"Leger",2017-05-18,0.46,0.25,0.16,0.05,0.06,1529,0.0127459453792256,0.0110738055514696,0.00937553137800803,0.00557369323213185,0.00607345487783034,578,11
"Mainstreet Research",2017-05-15,0.41,0.31,0.18,0.05,0.05,2800,0.00929477579841801,0.00874030074670529,0.00726046043404175,0.00411877235523957,0.00411877235523957,575,12
"Campaign Research",2017-05-13,0.43,0.27,0.19,0.03,0.07,1969,0.0111570350534244,0.0100050774311472,0.00884089946222488,0.00384435634052443,0.00574999723982534,573,3
"Abacus Data",2017-05-12,0.43,0.27,0.2,0.04,0.05,1182,0.0144000141003879,0.0129132207073035,0.011634594543263,0.00569976399903277,0.00633925273289415,572,1
"Nanos Research",2017-05-12,0.428,0.281,0.159,0.06,0.056,1000,0.0156465970741245,0.014214042352547,0.0115636931816786,0.00750999334220743,0.00727076337120113,572,13
"Nanos Research",2017-05-05,0.418,0.29,0.188,0.051,0.041,1000,0.0155973074599432,0.0143492160064583,0.0123554036761249,0.00695693898205238,0.00627048642451285,565,13
"Nanos Research",2017-04-28,0.43,0.296,0.185,0.044,0.036,1000,0.0156556698994326,0.0144355117678592,0.0122790471943062,0.00648567652600714,0.00589101010014412,558,13
"Forum Research",2017-04-24,0.35,0.35,0.17,0.05,0.07,1479,0.0124024251156439,0.0124024251156439,0.00976741003800776,0.00566712403197421,0.00663447263771035,554,7
"Nanos Research",2017-04-21,0.42,0.304,0.19,0.04,0.029,1000,0.0156076904121013,0.0145459272650457,0.0124056438768812,0.00619677335393187,0.00530650544143695,551,13
"Nanos Research",2017-04-14,0.414,0.324,0.187,0.034,0.031,1000,0.0155757503832079,0.014799459449588,0.0123300851578568,0.00573096850453743,0.00548078461536302,544,13
"Campaign Research",2017-04-11,0.38,0.29,0.19,0.06,0.06,1970,0.0109358999917447,0.0102233931009945,0.0088386552942836,0.00535064871061122,0.00535064871061122,541,3
"Nanos Research",2017-04-07,0.403,0.326,0.18,0.04,0.035,1000,0.0155109960995418,0.0148230900961979,0.01214907403879,0.00619677335393187,0.00581162627841812,537,13
"Nanos Research",2017-03-31,0.406,0.296,0.184,0.052,0.046,1000,0.0155294558822903,0.0144355117678592,0.0122533260790693,0.00702111102319284,0.00662449998113065,530,13
"Ipsos",2017-03-30,0.39,0.32,0.2,0.05,NA,1001,0.0154163010369653,0.0147439010232237,0.0126427908248203,0.00688858094621435,NA,529,10
"Nanos Research",2017-03-24,0.425,0.292,0.161,0.048,0.052,1000,0.0156324982008635,0.0143783170086071,0.0116223491601311,0.00675988165576883,0.00702111102319284,523,13
"Forum Research",2017-03-23,0.36,0.38,0.15,0.06,0.04,1029,0.0149635124733252,0.0151314293935096,0.0111313388924854,0.00740341108049676,0.0061088283865697,522,7
"Stratcom",2017-03-17,0.44,0.29,0.16,0.04,0.06,2029,0.0110199424942975,0.0100736567773288,0.00813876691277754,0.00435035390548935,0.00527228075006829,516,16
"Nanos Research",2017-03-17,0.419,0.285,0.171,0.047,0.052,1000,0.0156025318458255,0.0142749781085647,0.0119062588582644,0.00669260786241059,0.00702111102319284,516,13
"Nanos Research",2017-03-10,0.414,0.281,0.17,0.049,0.06,1000,0.0155757503832079,0.014214042352547,0.0118785521003193,0.00682634602111554,0.00750999334220743,509,13
"Campaign Research",2017-03-07,0.43,0.27,0.16,0.06,0.05,1886,0.0113998939549681,0.0102228612870867,0.00844167815132776,0.00546850618680864,0.00501852348233382,506,3
"Nanos Research",2017-03-03,0.396,0.305,0.172,0.05,0.051,1000,0.0154655746740947,0.0145593612497252,0.0119338174948337,0.00689202437604511,0.00695693898205238,502,13
"Forum Research",2017-02-26,0.39,0.35,0.15,0.07,0.04,1340,0.0133243128690689,0.0130298165529291,0.00975444789474747,0.00697008533321069,0.00535319684094565,497,7
"Nanos Research",2017-02-24,0.389,0.31,0.168,0.054,0.052,1000,0.0154168414404508,0.0146253205093085,0.0118226900492231,0.00714730718522718,0.00702111102319284,495,13
"Abacus Data",2017-02-19,0.4,0.33,0.16,0.04,0.06,1500,0.0126491106406735,0.012140840168621,0.00946572765295938,0.00505964425626941,0.00613188388670236,490,1
"Nanos Research",2017-02-17,0.393,0.296,0.169,0.063,0.057,1000,0.015445096309185,0.0144355117678592,0.0118506961820815,0.0076831634109916,0.00733150734842433,488,13
"Nanos Research",2017-02-10,0.379,0.329,0.169,0.048,0.053,1000,0.0153414145371279,0.0148579608291313,0.0118506961820815,0.00675988165576883,0.00708456067798138,481,13
"Campaign Research",2017-02-06,0.34,0.34,0.16,0.06,0.06,1457,0.0124102820080593,0.0124102820080593,0.00960439158302933,0.00622171016838255,0.00622171016838255,477,3
"Nanos Research",2017-02-03,0.38,0.325,0.164,0.049,0.059,1000,0.0153492670834799,0.0148113132435986,0.0117091417277271,0.00682634602111554,0.00745110730026081,474,13
"Nanos Research",2017-01-27,0.391,0.321,0.163,0.051,0.055,1000,0.0154311049507156,0.0147634345597493,0.0116803681448831,0.00695693898205238,0.00720936890441875,467,13
"Ipsos",2017-01-25,0.41,0.3,0.19,0.05,NA,1000,0.0155531347322654,0.0144913767461894,0.0124056438768812,0.00689202437604511,NA,465,10
"Forum Research",2017-01-21,0.42,0.36,0.12,0.04,0.05,1332,0.013523419792452,0.0131519189844286,0.00890389124367988,0.00536924844171219,0.00597165476737065,461,7
"Nanos Research",2017-01-20,0.394,0.312,0.163,0.051,0.059,1000,0.0154519901630826,0.0146511433000978,0.0116803681448831,0.00695693898205238,0.00745110730026081,460,13
"Nanos Research",2017-01-13,0.414,0.284,0.162,0.061,0.061,1000,0.0155757503832079,0.0142598737722323,0.0116514376795312,0.00756828910652864,0.00756828910652864,453,13
"Nanos Research",2017-01-06,0.43,0.285,0.162,0.052,0.054,1000,0.0156556698994326,0.0142749781085647,0.0116514376795312,0.00702111102319284,0.00714730718522718,446,13
"Nanos Research",2016-12-30,0.43,0.279,0.167,0.055,0.059,1000,0.0156556698994326,0.0141830532678969,0.01179453263169,0.00720936890441875,0.00745110730026081,439,13
"Nanos Research",2016-12-23,0.42,0.283,0.169,0.056,0.056,1000,0.0156076904121013,0.0142446832186609,0.0118506961820815,0.00727076337120113,0.00727076337120113,432,13
"Nanos Research",2016-12-16,0.436,0.274,0.167,0.049,0.056,1000,0.0156813264745046,0.0141040419738457,0.01179453263169,0.00682634602111554,0.00727076337120113,425,13
"Abacus Data",2016-12-14,0.44,0.3,0.16,0.04,0.05,1848,0.0115470053837925,0.0106600358177805,0.00852802865422442,0.00455842305838552,0.00506985830210897,423,1
"Nanos Research",2016-12-09,0.432,0.267,0.165,0.054,0.06,1000,0.0156644821171975,0.0139896747639107,0.0117377595817941,0.00714730718522718,0.00750999334220743,418,13
"Forum Research",2016-12-07,0.42,0.34,0.12,0.05,0.06,1304,0.0136678387446926,0.0131181511490969,0.00899897744702277,0.00603542710734693,0.00657658982621931,416,7
"Nanos Research",2016-12-02,0.429,0.26,0.174,0.048,0.068,1000,0.0156511660907422,0.0138708327075198,0.0119884944842962,0.00675988165576883,0.00796090447122687,411,13
"Nanos Research",2016-11-25,0.447,0.251,0.179,0.044,0.064,1000,0.0157223089907303,0.0137112727345057,0.0121226647235663,0.00648567652600714,0.00773976743836661,404,13
"EKOS",2016-11-22,0.412,0.312,0.13,0.024,0.082,1949,0.0111488828367208,0.0104945929052193,0.00761772661958229,0.00346676665075323,0.00621473117117831,401,5
"Nanos Research",2016-11-18,0.429,0.287,0.16,0.056,0.056,1000,0.0156511660907422,0.0143049292203771,0.0115931013969515,0.00727076337120113,0.00727076337120113,397,13
"Abacus Data",2016-11-13,0.46,0.25,0.17,0.05,0.07,2200,0.0106258689484245,0.00923186182344995,0.00800851819229773,0.00464660188642293,0.00543975266817427,392,1
"Nanos Research",2016-11-11,0.463,0.262,0.154,0.043,0.062,1000,0.0157680372906713,0.0139052508067996,0.0114142016803629,0.00641490451994416,0.00762600813007697,390,13
"Forum Research",2016-11-10,0.51,0.28,0.11,0.04,0.05,1474,0.013020701604942,0.0116949002558625,0.00814971842751399,0.00510407292070936,0.00567672770609248,389,7
"Mainstreet Research",2016-11-06,0.49,0.29,0.13,0.04,0.05,5066,0.00702345065195184,0.0063752259351679,0.00472496623917152,0.00275316994200679,0.00306206363666115,385,12
"Nanos Research",2016-11-04,0.449,0.296,0.138,0.055,0.055,1000,0.0157289224042844,0.0144355117678592,0.0109066951914867,0.00720936890441875,0.00720936890441875,383,13
"Nanos Research",2016-10-28,0.445,0.296,0.133,0.053,0.06,1000,0.0157154382694216,0.0144355117678592,0.0107382959542006,0.00708456067798138,0.00750999334220743,376,13
"Nanos Research",2016-10-21,0.466,0.275,0.139,0.04,0.068,1000,0.0157747900144503,0.0141200212464429,0.0109397897603199,0.00619677335393187,0.00796090447122687,369,13
"EKOS",2016-10-18,0.466,0.264,0.141,0.033,0.078,1622,0.0123862021001634,0.0109449919294346,0.00864133244281091,0.00443552245319523,0.00665866762202594,366,5
"Nanos Research",2016-10-14,0.463,0.262,0.154,0.043,0.062,1000,0.0157680372906713,0.0139052508067996,0.0114142016803629,0.00641490451994416,0.00762600813007697,362,13
"Forum Research",2016-10-12,0.49,0.3,0.12,0.05,0.04,1437,0.013187265319128,0.0120887462979569,0.00857242264839004,0.00574934567091788,0.00516936535800991,360,7
"Abacus Data",2016-10-12,0.45,0.28,0.14,0.05,0.06,1498,0.0128538046400654,0.011600837868548,0.00896514538508445,0.00563106963731999,0.00613597590176352,360,1
"Nanos Research",2016-10-07,0.459,0.259,0.162,0.043,0.057,1000,0.0157581407532742,0.0138534833164804,0.0116514376795312,0.00641490451994416,0.00733150734842433,355,13
"Nanos Research",2016-09-30,0.458,0.262,0.167,0.045,0.05,1000,0.0157555069737537,0.0139052508067996,0.01179453263169,0.00655553201502365,0.00689202437604511,348,13
"Forum Research",2016-09-21,0.47,0.34,0.09,0.06,0.03,1326,0.0137061380487416,0.0130088727117598,0.00785905247993376,0.00652180470817577,0.00468462392913946,339,7
"Mainstreet Research",2016-09-08,0.51,0.29,0.12,0.04,0.04,5250,0.00689927532426414,0.00626251128693974,0.0044848952846511,0.00270449361513125,0.00270449361513125,326,12
"Forum Research",2016-09-07,0.48,0.3,0.11,0.05,0.04,1370,0.0134977694832108,0.0123808186939655,0.00845339304744542,0.00588825380284472,0.00529426076806687,325,7
"Leger",2016-09-01,0.53,0.25,0.12,0.04,0.05,1535,0.0127389218654154,0.0110521417441847,0.00829426237067623,0.00500162839932668,0.00556278935491594,319,11
"Abacus Data",2016-08-25,0.46,0.28,0.16,0.04,0.05,2010,0.0111167481554742,0.0100149142513896,0.00817714324454397,0.00437086691766522,0.00486125917803401,312,1
"Forum Research",2016-08-06,0.5,0.31,0.1,0.04,0.04,1345,0.0136335470787303,0.012610846809357,0.00818012824723818,0.00534323739633623,0.00534323739633623,293,7
"EKOS",2016-07-14,0.456,0.285,0.155,0.028,0.059,1003,0.0157264755714148,0.0142536136993231,0.0114273028422831,0.00520908784830568,0.00743995572409343,270,5
"Forum Research",2016-07-05,0.52,0.28,0.11,0.05,0.03,1429,0.0132161870340913,0.0118776124156747,0.0082770433831079,0.00576541654970415,0.00451263679379918,261,7
"Abacus Data",2016-06-16,0.44,0.28,0.16,0.05,0.06,1500,0.0128166558300778,0.0115931013969516,0.00946572765295938,0.00562731433871138,0.00613188388670236,242,1
"Forum Research",2016-06-07,0.49,0.32,0.1,0.04,0.04,2271,0.010489977603355,0.00978860668245464,0.00629524573709054,0.00411203729634742,0.00411203729634742,233,7
"EKOS",2016-06-07,0.447,0.269,0.124,0.041,0.078,2371,0.0102105832410451,0.00910686820497263,0.00676857302299448,0.00407225959221895,0.00550740462412197,233,5
"Ipsos",2016-05-24,0.46,0.3,0.15,0.04,NA,1002,0.0157449735349656,0.0144769070703432,0.0112803151100506,0.0061905858602731,NA,219,10
"Abacus Data",2016-05-20,0.46,0.27,0.15,0.04,0.07,2000,0.011144505372604,0.00992723526466458,0.00798435971133566,0.00438178046004133,0.00570526073023837,215,1
"Forum Research",2016-05-11,0.52,0.29,0.11,0.04,0.03,1517,0.0128271301144992,0.0116502537027383,0.00803338452797396,0.00503121436594038,0.00437979419966027,206,7
"Mainstreet Research",2016-04-27,0.49,0.3,0.14,0.03,0.04,4998,0.00707106781186548,0.00648203723552164,0.00490811938061227,0.00241295025468256,0.00277183571470095,192,12
"Nanos Research",2016-04-22,0.432,0.258,0.193,0.042,0.055,1000,0.0156644821171975,0.0138360398958662,0.0124800240384384,0.00634318531969546,0.00720936890441875,187,13
"Mainstreet Research",2016-04-15,0.48,0.3,0.14,0.03,0.05,5012,0.00705694543345477,0.00647297778003155,0.00490125967162678,0.00240957785575336,0.0030785149973626,180,12
"EKOS",2016-04-15,0.441,0.285,0.12,0.044,0.067,1176,0.0144784322355703,0.0131635124957015,0.00947607082958686,0.00598069456526524,0.00729078954880046,180,5
"Abacus Data",2016-04-13,0.49,0.26,0.13,0.05,0.05,1500,0.01290736224021,0.0113254874803104,0.00868331733843696,0.00562731433871138,0.00562731433871138,178,1
"Forum Research",2016-04-05,0.51,0.28,0.12,0.06,0.03,1455,0.0131054407525877,0.0117710110454,0.00851923233558217,0.00622598478940787,0.00447213595499958,170,7
"Innovative Research",2016-03-30,0.46,0.3,0.12,0.05,0.06,2456,0.0100568417083386,0.00924688520494795,0.00655719015059116,0.00439777112631829,0.00479209446704752,164,8
"EKOS",2016-03-29,0.421,0.317,0.117,0.048,0.064,2019,0.0109878360409051,0.0103555178946669,0.00715327832448302,0.00475741385913009,0.00544702980803016,163,5
"Abacus Data",2016-03-23,0.47,0.28,0.14,0.04,0.06,1500,0.0128866856354404,0.0115931013969516,0.00895916662791058,0.00505964425626941,0.00613188388670236,157,1
"Abacus Data",2016-03-18,0.44,0.29,0.16,0.04,0.06,1500,0.0128166558300778,0.0117160858082666,0.00946572765295938,0.00505964425626941,0.00613188388670236,152,1
"Forum Research",2016-03-15,0.46,0.34,0.12,0.04,0.03,1567,0.012590451300245,0.0119667695602331,0.00820913619322568,0.00495029538288292,0.00430935226122157,149,7
"Forum Research",2016-02-17,0.49,0.32,0.1,0.03,0.05,1406,0.0133318515060876,0.0124404699110362,0.00800071120593998,0.00454939697127828,0.00581238193719096,122,7
"Leger",2016-02-04,0.49,0.27,0.15,0.03,0.05,1524,0.0128053261556571,0.0113723660098248,0.00914666153975507,0.00436972404036873,0.00558282894262619,109,11
"EKOS",2016-01-18,0.467,0.253,0.159,0.039,0.07,2598,0.0097881918145912,0.00852905643639143,0.00717425793412195,0.00379817021705064,0.00500577034237032,92,5
"Mainstreet Research",2016-01-15,0.44,0.32,0.16,0.03,0.05,4937,0.00706461970167318,0.00663892682611212,0.00521756743368552,0.0024278113134986,0.00310181035301524,89,12
"Abacus Data",2016-01-12,0.45,0.28,0.17,0.05,0.05,1500,0.0128452325786651,0.0115931013969516,0.00969879717628257,0.00562731433871138,0.00562731433871138,86,1
"EKOS",2015-12-10,0.463,0.272,0.153,0.034,0.067,1956,0.0112743941384974,0.0100615691531754,0.00813959872995362,0.00409773242695821,0.00565319281088618,53,5
"Forum Research",2015-12-08,0.46,0.32,0.13,0.04,0.04,1369,0.0134702008587861,0.0126074635564223,0.00908928201124337,0.00529619403845011,0.00529619403845011,51,7
"Abacus Data",2015-11-25,0.49,0.24,0.16,0.05,0.05,1500,0.01290736224021,0.0110272390016722,0.00946572765295938,0.00562731433871138,0.00562731433871138,38,1
"Forum Research",2015-11-17,0.45,0.37,0.1,0.04,0.03,909,0.0165008250618802,0.0160136080745208,0.00995037190209989,0.0064995557096191,0.00565802097204774,30,7
"Forum Research",2015-11-07,0.55,0.25,0.12,0.04,0.03,1256,0.0140375973773074,0.0122181602334576,0.00916932021040923,0.0055293081310091,0.00481339690955537,20,7
"Nanos Research",2019-10-20,0.317,0.325,0.208,0.072,0.06,800,0.0164511017868105,0.0165595516243647,0.0143499128917217,0.00913892772703669,0.00839642781187333,1463,13
"Mainstreet Research",2019-10-20,0.316,0.322,0.183,0.079,0.061,2032,0.0103135870937399,0.0103652774385422,0.00857777640367806,0.00598386116885987,0.00530928283781986,1463,12
"Research Co.",2019-10-20,0.32,0.31,0.19,0.07,0.08,957,0.0150790324782683,0.0149502833346674,0.0126812872777941,0.00824773171059207,0.00876966367912317,1463,15
"EKOS",2019-10-20,0.342,0.3,0.183,0.05,0.081,1994,0.0106233972771956,0.0102623558622536,0.0086591247435276,0.00488072375710606,0.0061099504485266,1463,5
"Campaign Research",2019-10-20,0.314,0.313,0.178,0.066,0.091,1498,0.0119914299615752,0.0119810431039404,0.009883027487048,0.00641489421765979,0.00743099092774472,1463,3
"Ipsos",2019-10-19,0.31,0.33,0.18,0.07,0.06,3108,0.00829592633901687,0.00843439364382504,0.00689132407381539,0.00457667411402057,0.00425989649483625,1462,10
"Abacus Data",2019-10-19,0.34,0.32,0.16,0.08,0.08,2000,0.0105924501414923,0.0104307238483242,0.00819756061276768,0.00606630035524124,0.00606630035524124,1462,1
"Nanos Research",2019-10-19,0.31,0.315,0.188,0.07,0.095,1600,0.0115623310798472,0.0116128969254015,0.00976780425684299,0.00637867541108654,0.00733037345569787,1462,13
"Campaign Research",2019-10-19,0.317,0.314,0.174,0.066,0.091,1554,0.0118035997824803,0.0117733857752395,0.00961698947106039,0.00629825004806523,0.00729587073142951,1462,3
"Forum Research",2019-10-18,0.317,0.299,0.175,0.09,0.083,1206,0.0133988130956244,0.0131832032938848,0.0109413861255445,0.00824077956028397,0.00794419800380849,1461,7
"Leger",2019-10-18,0.33,0.33,0.18,0.08,0.06,2117,0.0102196010504623,0.0102196010504623,0.00834992836686015,0.00589628514868119,0.00516153792814275,1461,11
"Mainstreet Research",2019-10-18,0.328,0.319,0.183,0.072,0.055,2134,0.010163056754082,0.0100895475157296,0.00837026804030443,0.005595553194961,0.00493514641151534,1461,12
"Nanos Research",2019-10-18,0.326,0.303,0.184,0.071,0.093,1200,0.013531568029365,0.0132662164915246,0.0111857051632876,0.00741389461304471,0.0083840622612192,1461,13
"Campaign Research",2019-10-18,0.31,0.31,0.18,0.07,0.09,1987,0.0103754384582438,0.0103754384582438,0.00861874923929943,0.00572389371276474,0.00642011810303909,1461,3
"Innovative Research",2019-10-17,0.33,0.31,0.14,0.09,0.08,1964,0.0106102014469763,0.0104360139404553,0.00782965275869832,0.00645760102499089,0.00612164534676156,1460,8
"Innovative Research",2019-10-17,0.34,0.3,0.19,0.06,0.08,3094,0.0085163062725264,0.00823852554571635,0.00705276080946693,0.00426952339184784,0.00487729194627031,1460,8
"EKOS",2019-10-17,0.31,0.325,0.176,0.055,0.079,1881,0.0106637755252514,0.0107993886057671,0.00878062726715343,0.00525657483037847,0.00621940678309855,1460,5
"Mainstreet Research",2019-10-17,0.321,0.319,0.188,0.076,0.058,2163,0.0100382762609555,0.0100216824574908,0.0084009554087577,0.00569789605183139,0.00502586927776938,1460,12
"Nanos Research",2019-10-17,0.315,0.316,0.19,0.062,0.095,1200,0.0134094183319039,0.0134208792558461,0.0113247516529061,0.00696156112760158,0.00846438617581531,1460,13
"DART/Maru",2019-10-16,0.29,0.33,0.21,0.08,0.07,1518,0.0116464157010849,0.0120686442450278,0.0104541158186337,0.00696310623822791,0.00654869265533749,1459,4
"Forum Research",2019-10-16,0.3,0.29,0.2,0.07,0.08,1028,0.0142926609013865,0.0141524495686709,0.0124756572310361,0.0079578168016754,0.00846140240972497,1459,7
"Mainstreet Research",2019-10-16,0.319,0.309,0.186,0.076,0.07,2128,0.0101037614896929,0.0100168795510303,0.00843495680134768,0.00574456264653803,0.0055310130413115,1459,12
"Nanos Research",2019-10-16,0.315,0.325,0.189,0.06,0.092,1200,0.0134094183319039,0.01352081728299,0.0113018803745218,0.00685565460040104,0.00834346051308049,1459,13
"Mainstreet Research",2019-10-15,0.309,0.306,0.183,0.079,0.077,2070,0.0101562431716811,0.0101287365622681,0.00849867849914821,0.00592868243055056,0.0058595065001347,1458,12
"Nanos Research",2019-10-15,0.319,0.325,0.188,0.059,0.094,1200,0.0134548318458463,0.01352081728299,0.0112788888341597,0.00680189924457378,0.00842436941260294,1458,13
"Angus Reid",2019-10-15,0.29,0.33,0.19,0.08,0.08,2100,0.00990189976962093,0.0102608827244889,0.00856070758090208,0.00592010295920764,0.00592010295920764,1458,2
"EKOS",2019-10-15,0.312,0.318,0.184,0.064,0.068,1904,0.0106178856557376,0.0106726501950019,0.00888015443881146,0.00560911622931363,0.00576937728751676,1458,5
"Mainstreet Research",2019-10-14,0.307,0.311,0.172,0.081,0.085,2076,0.0101233005424532,0.0101595888057219,0.008282581485827,0.00598806616665055,0.00612077387528488,1457,12
"Ipsos",2019-10-13,0.3,0.32,0.2,0.07,0.08,2204,0.00976121440780109,0.0099362760920343,0.0085202864568461,0.00543481417176978,0.00577873943010835,1456,10
"Mainstreet Research",2019-10-13,0.307,0.323,0.166,0.078,0.083,2150,0.00994756017767031,0.0100850107516286,0.0080244973761311,0.0057835371811359,0.00594982899891073,1456,12
"Nanos Research",2019-10-13,0.323,0.321,0.192,0.059,0.093,1200,0.013499104908598,0.0134771102243767,0.0113701363228415,0.00680189924457378,0.0083840622612192,1456,13
"Nanos Research",2019-10-12,0.315,0.323,0.197,0.062,0.09,1200,0.0134094183319039,0.013499104908598,0.0114815431599299,0.00696156112760158,0.00826135582092915,1455,13
"Nanos Research",2019-10-11,0.332,0.321,0.181,0.059,0.089,1200,0.0135946067737663,0.0134771102243767,0.0111145175333885,0.00680189924457378,0.00821984387524078,1454,13
"Abacus Data",2019-10-10,0.32,0.32,0.18,0.06,0.09,3000,0.00851665035875803,0.00851665035875803,0.00701427116670007,0.00433589667773576,0.00522494019104525,1453,1
"Campaign Research",2019-10-10,0.29,0.31,0.19,0.07,0.1,4037,0.00714165388499257,0.00727907204042046,0.00617433138850841,0.00401569869597361,0.00472162922218234,1453,3
"Mainstreet Research",2019-10-10,0.289,0.317,0.166,0.076,0.094,2274,0.00950579603775221,0.00975763913802581,0.00780264483946086,0.00555709154961165,0.00611973752174816,1453,12
"Nanos Research",2019-10-10,0.354,0.332,0.153,0.053,0.088,1200,0.0138047093413806,0.0135946067737663,0.0103919439952302,0.00646728948890749,0.00817801932010435,1453,13
"Innovative Research",2019-10-10,0.35,0.31,0.15,0.06,0.1,2394,0.00974829419776003,0.00945242672160532,0.00729781784942653,0.00485375084270997,0.00613139339484966,1453,8
"Angus Reid",2019-10-10,0.29,0.34,0.17,0.07,0.09,3031,0.00824204924661153,0.00860435773061825,0.00682292407788745,0.00463444279781177,0.00519815209660121,1453,2
"EKOS",2019-10-10,0.305,0.317,0.131,0.054,0.128,1947,0.0104342045480521,0.0105452530841674,0.00764649766583841,0.00512223468181547,0.00757147079536969,1453,5
"DART/Maru",2019-10-09,0.28,0.33,0.2,0.09,0.07,1510,0.011554649876774,0.0121005719310949,0.0102937002530996,0.00736467314930041,0.00656601726935415,1452,4
"Mainstreet Research",2019-10-09,0.302,0.322,0.151,0.072,0.098,2309,0.00955474753825058,0.00972368354351353,0.00745127088837092,0.00537933102272552,0.00618734510897994,1452,12
"Nanos Research",2019-10-09,0.369,0.332,0.141,0.051,0.082,1200,0.0139295549103336,0.0135946067737663,0.0100465168093225,0.00635078735276186,0.00792022726946645,1452,13
"Leger",2019-10-08,0.31,0.31,0.18,0.07,0.11,2150,0.00997438580028982,0.00997438580028982,0.00828559972426243,0.00550264207153635,0.00674795403962788,1451,11
"Forum Research",2019-10-08,0.28,0.35,0.13,0.07,0.12,1013,0.0141071908319412,0.0149860086112594,0.0105663886265883,0.00801651799166946,0.0102100351308963,1451,7
"Mainstreet Research",2019-10-08,0.317,0.32,0.143,0.061,0.103,2445,0.0094102367790199,0.00943387274719269,0.00707976753745899,0.00484014399217943,0.00614717252575114,1451,12
"Nanos Research",2019-10-08,0.356,0.348,0.134,0.052,0.091,1200,0.013822204358688,0.0137506363489113,0.00983378530034764,0.00640936814358483,0.00830255984621611,1451,13
"Mainstreet Research",2019-10-07,0.326,0.331,0.132,0.065,0.101,2108,0.0102094758231968,0.0102492421157308,0.00737244472183214,0.00536941758119913,0.00656304269464741,1450,12
"Nanos Research",2019-10-07,0.346,0.348,0.135,0.051,0.098,1200,0.0137320792307647,0.0137506363489113,0.00986470982847443,0.00635078735276186,0.00858273460694978,1450,13
"Ipsos",2019-10-07,0.35,0.34,0.15,0.07,0.07,1502,0.012307100134274,0.0122229619542382,0.009213404233863,0.00658348011207992,0.00658348011207992,1450,10
"Innovative Research",2019-10-07,0.35,0.33,0.13,0.05,0.1,2835,0.00895806416477617,0.00883116175762951,0.00631618396614442,0.00409326887562782,0.00563436169819011,1450,8
"Mainstreet Research",2019-10-06,0.331,0.333,0.133,0.063,0.097,2108,0.0102492421157308,0.0102647820008813,0.00739605387373739,0.00529181638788724,0.00644606141608084,1449,12
"Nanos Research",2019-10-06,0.343,0.334,0.15,0.051,0.096,1200,0.0137037403653163,0.0136150651853012,0.0103077640640442,0.00635078735276186,0.00850411665018772,1449,13
"Abacus Data",2019-10-05,0.35,0.33,0.16,0.05,0.08,1556,0.0120916593659051,0.0119203655850496,0.00929383243537137,0.00552512373507759,0.00687755561287775,1448,1
"Nanos Research",2019-10-05,0.367,0.327,0.15,0.049,0.08,1200,0.01391375218983,0.0135422487054403,0.0103077640640442,0.0062315728351677,0.00783156008298049,1448,13
"Nanos Research",2019-10-04,0.362,0.326,0.156,0.058,0.074,1200,0.0138731154876377,0.013531568029365,0.0104747315001388,0.00674759216313494,0.00755667475370836,1447,13
"Mainstreet Research",2019-10-03,0.343,0.348,0.114,0.058,0.091,2207,0.0101048199187962,0.0101393999280863,0.00676500497057657,0.00497551776933313,0.00612211482956722,1446,12
"Nanos Research",2019-10-03,0.363,0.343,0.138,0.059,0.082,1200,0.0138813724105364,0.0137037403653163,0.00995640497368403,0.00680189924457378,0.00792022726946645,1446,13
"Campaign Research",2019-10-02,0.32,0.34,0.14,0.05,0.11,4755,0.00676478790616175,0.00686967459360937,0.00503196930006567,0.00316061461631938,0.00453749422457651,1445,3
"Mainstreet Research",2019-10-02,0.334,0.364,0.119,0.057,0.09,2234,0.00997858046213945,0.0101797629568939,0.00685046182499811,0.00490514319082235,0.00605480786639966,1445,12
"Nanos Research",2019-10-02,0.329,0.352,0.149,0.055,0.099,1200,0.013563400507739,0.0137869503516913,0.0102793887626324,0.00658122329054409,0.0086216297763242,1445,13
"Forum Research",2019-10-01,0.34,0.31,0.12,0.06,0.12,1853,0.0110045861999074,0.0107440416349247,0.0075490838534516,0.00551698549753689,0.0075490838534516,1444,7
"Mainstreet Research",2019-10-01,0.335,0.36,0.116,0.053,0.1,2259,0.00993059134860453,0.0100991104495649,0.00673747259462019,0.00471362261519494,0.00631194403097803,1444,12
"Nanos Research",2019-10-01,0.342,0.339,0.152,0.045,0.102,1200,0.0136941593389299,0.013665010062199,0.0103640403961647,0.00598435460179291,0.00873670418407308,1444,13
"Mainstreet Research",2019-09-30,0.333,0.361,0.116,0.053,0.1,2183,0.0100869104641542,0.0102796224025221,0.00685375000590047,0.00479497178994108,0.00642087753709043,1443,12
"Nanos Research",2019-09-30,0.322,0.345,0.143,0.044,0.111,1200,0.0134881429411168,0.0137227001716135,0.0101057326965111,0.00592058555662642,0.00906821371605235,1443,13
"Leger",2019-09-30,0.34,0.34,0.14,0.05,0.11,1558,0.0120012836283933,0.0120012836283933,0.00879082261562061,0.00552157630374233,0.00792697738579895,1443,11
"Angus Reid",2019-09-30,0.3,0.37,0.14,0.07,0.08,1522,0.0117463333390449,0.0123755300925768,0.00889418005755389,0.00654008161590564,0.00695395027603191,1443,2
"Ipsos",2019-09-30,0.34,0.37,0.15,0.05,0.07,1489,0.0122762034544837,0.0125119150734237,0.00925353652467888,0.00564806200678649,0.00661215682393714,1443,10
"Mainstreet Research",2019-09-29,0.344,0.341,0.109,0.056,0.105,2140,0.0102689077943917,0.0102473839834698,0.00673666907903111,0.00497019151927949,0.00662673006858354,1442,12
"Nanos Research",2019-09-29,0.327,0.34,0.132,0.041,0.126,1200,0.0135422487054403,0.0136747943311773,0.00977138680024489,0.00572414476872601,0.00957966596494888,1442,13
"EKOS",2019-09-29,0.334,0.311,0.114,0.03,0.134,1492,0.0122102888096479,0.011984099161296,0.00822782176145897,0.00441633574898028,0.00881915414837281,1442,5
"Mainstreet Research",2019-09-28,0.34,0.337,0.117,0.058,0.101,2270,0.0099425663463042,0.00992107621702226,0.0067462177362203,0.00490598842915068,0.00632452049339439,1441,12
"Nanos Research",2019-09-28,0.325,0.342,0.13,0.046,0.126,1200,0.01352081728299,0.0136941593389299,0.0097082439194738,0.00604731345309634,0.00957966596494888,1441,13
"Nanos Research",2019-09-27,0.326,0.341,0.144,0.038,0.132,1200,0.013531568029365,0.0136845107085834,0.0101350875674559,0.00551935986626469,0.00977138680024489,1440,13
"Research Co.",2019-09-26,0.36,0.33,0.15,0.05,0.09,1000,0.0151789327688082,0.0148694317309035,0.0112915897906362,0.00689202437604511,0.00904986187739901,1439,15
"Mainstreet Research",2019-09-26,0.334,0.356,0.107,0.056,0.097,2436,0.0095559024134804,0.0097012856121617,0.00626295045805615,0.00465844925112288,0.00599640697015506,1439,12
"Nanos Research",2019-09-26,0.344,0.337,0.15,0.044,0.105,1200,0.0137132539294412,0.0136452372643351,0.0103077640640442,0.00592058555662642,0.00884943501021393,1439,13
"Abacus Data",2019-09-26,0.35,0.33,0.15,0.05,0.1,1975,0.0107326545373324,0.0105806127936244,0.00803473472028271,0.00490414446273684,0.00675052740555614,1439,1
"Mainstreet Research",2019-09-25,0.344,0.358,0.107,0.055,0.092,2425,0.00964662218538846,0.00973538555778675,0.00627713901604896,0.00462957770112152,0.00586922780709238,1438,12
"Nanos Research",2019-09-25,0.355,0.336,0.145,0.047,0.095,1200,0.0138134897835413,0.0136352484392475,0.0101642756751281,0.00610948715796452,0.00846438617581531,1438,13
"Innovative Research",2019-09-25,0.35,0.31,0.14,0.05,0.1,2302,0.00994118236748511,0.00963946060187227,0.0072320360747353,0.00454249172848871,0.00625271444095317,1438,8
"Mainstreet Research",2019-09-24,0.352,0.355,0.108,0.052,0.093,2389,0.00977126428323165,0.00979007364976438,0.00635018283998954,0.00454252959660586,0.00594206013887559,1437,12
"Nanos Research",2019-09-24,0.353,0.354,0.127,0.055,0.088,1200,0.0137958629064417,0.0138047093413806,0.00961210174727671,0.00658122329054409,0.00817801932010435,1437,13
"Leger",2019-09-24,0.34,0.33,0.13,0.05,0.11,2153,0.0102091459228359,0.0101338006427396,0.00724785151630573,0.00469704574564125,0.00674325108584044,1437,11
"Innovative Research",2019-09-24,0.35,0.34,0.12,0.05,0.1,2496,0.00954703269782467,0.00948176387355465,0.00650443635587991,0.0043623902528257,0.00600480576769077,1437,8
"Mainstreet Research",2019-09-23,0.344,0.359,0.112,0.048,0.096,2333,0.00983498657825357,0.00993159199236387,0.00652917223029527,0.00442569747203944,0.00609905377271077,1436,12
"Nanos Research",2019-09-23,0.351,0.335,0.129,0.057,0.101,1200,0.0137779715488166,0.0136251911301579,0.00967638878921264,0.00669271992541149,0.00869861100023063,1436,13
"Angus Reid",2019-09-23,0.3,0.35,0.15,0.06,0.11,1523,0.0117424763915303,0.0122219569268912,0.00914966389057933,0.0060854065880669,0.00801754477967889,1436,2
"Ipsos",2019-09-23,0.32,0.36,0.15,0.04,0.11,1500,0.0120443624433453,0.0123935467078637,0.00921954445729289,0.00505964425626941,0.00807877878560037,1436,10
"Mainstreet Research",2019-09-22,0.337,0.358,NA,NA,NA,2168,0.0101517771516022,0.0102962573360008,NA,NA,NA,1435,12
"Nanos Research",2019-09-22,0.331,0.343,0.128,0.058,0.106,1200,0.0135842739960588,0.0137037403653163,0.00964434203734673,0.00674759216313494,0.00888650662521556,1435,13
"EKOS",2019-09-22,0.32,0.353,0.109,0.049,0.103,1272,0.0130793418179179,0.0133997266000458,0.00873792968009812,0.00605263859504796,0.00852258376094152,1435,5
"Abacus Data",2019-09-22,0.32,0.34,0.15,0.04,0.1,1929,0.0106209492018932,0.0107856249012335,0.00812997066520583,0.00446169109226528,0.0068305416037318,1435,1
"Mainstreet Research",2019-09-21,0.339,0.348,0.114,0.049,0.107,2124,0.0102712505358706,0.0103356111941705,0.00689591707580538,0.00468393696976413,0.00670718618468337,1434,12
"Forum Research",2019-09-21,0.33,0.33,0.11,0.06,0.11,2449,0.00950167078213631,0.00950167078213631,0.00632261814473759,0.00479893822474645,0.00632261814473759,1434,7
"Nanos Research",2019-09-21,0.329,0.355,0.14,0.053,0.095,1200,0.013563400507739,0.0138134897835413,0.0100166528008778,0.00646728948890749,0.00846438617581531,1434,13
"DART/Maru",2019-09-20,0.3,0.37,0.15,0.06,0.08,1520,0.0117540586495407,0.0123836692122284,0.00915868871331308,0.00609140896327728,0.00695852373938459,1433,4
"Mainstreet Research",2019-09-20,0.359,0.342,0.109,0.048,0.104,2087,0.0105006217444323,0.0103840022916829,0.00682167266997555,0.00467926744724392,0.00668204582922204,1433,12
"Nanos Research",2019-09-20,0.32,0.368,0.137,0.054,0.09,1200,0.0134660065844828,0.0139216857216838,0.00992601799984935,0.00652456895127946,0.00826135582092915,1433,13
"Mainstreet Research",2019-09-19,0.368,0.342,0.101,0.047,0.098,2087,0.0105565309165849,0.0103840022916829,0.00659597966733687,0.00463269975754994,0.00650811295689487,1432,12
"Nanos Research",2019-09-19,0.342,0.374,0.128,0.035,0.093,1200,0.0136941593389299,0.0139679394805867,0.00964434203734673,0.005305264680799,0.0083840622612192,1432,13
"Mainstreet Research",2019-09-18,0.372,0.344,0.098,0.044,0.101,1935,0.0109878015519819,0.0107991769233688,0.00675889690249092,0.00466245657266528,0.00685014947308579,1431,12
"Nanos Research",2019-09-18,0.35,0.378,0.118,0.04,0.077,1200,0.0137689263682153,0.0139974997767458,0.00931289428695505,0.00565685424949238,0.00769583220537801,1431,13
"Nanos Research",2019-09-17,0.355,0.372,0.136,0.04,0.07,1200,0.0138134897835413,0.0139527775012719,0.00989545350148239,0.00565685424949238,0.00736545993132812,1430,13
"Leger",2019-09-17,0.34,0.33,0.12,0.05,0.11,1598,0.0118501279282079,0.011762671914289,0.00812912069378156,0.00545203226510764,0.00782713741415884,1430,11
"Mainstreet Research",2019-09-16,0.368,0.348,0.097,0.045,0.094,1935,0.0109633167994671,0.0108286155499529,0.00672805073306278,0.00471267464669283,0.00663418443373224,1429,12
"Nanos Research",2019-09-16,0.349,0.359,0.154,0.047,0.065,1200,0.0137598146789846,0.013847954120856,0.0104196928937469,0.00610948715796452,0.00711658860222602,1429,13
"Angus Reid",2019-09-16,0.33,0.36,0.13,0.05,0.09,2154,0.0101314480482465,0.0103423299261257,0.0072461689042073,0.00469595531132693,0.00616622121907434,1429,2
"Mainstreet Research",2019-09-15,0.365,0.35,0.096,0.043,0.099,1935,0.0109444214902893,0.010843018926089,0.00669698532200129,0.004611579628139,0.00678952681846126,1428,12
"Nanos Research",2019-09-15,0.34,0.344,0.164,0.044,0.078,1200,0.0136747943311773,0.0137132539294412,0.0106889350888352,0.00592058555662642,0.00774144689318476,1428,13
"Innovative Research",2019-09-15,0.35,0.32,0.14,0.04,0.11,1622,0.0118430967057085,0.0115825456506097,0.00861564544801026,0.00486564239906822,0.00776901430237965,1428,8
"Nanos Research",2019-09-14,0.352,0.323,0.166,0.038,0.096,1200,0.0137869503516913,0.013499104908598,0.0107410427799167,0.00551935986626469,0.00850411665018772,1427,13
"Ipsos",2019-09-13,0.35,0.35,0.14,0.04,0.09,2562,0.00942325921365056,0.00942325921365056,0.00685525605058817,0.00387147134796662,0.00565395552819034,1426,10
"Nanos Research",2019-09-13,0.354,0.328,0.157,0.036,0.095,1200,0.0138047093413806,0.0135528594768779,0.0105020236145231,0.0053777318638995,0.00846438617581531,1426,13
"DART/Maru",2019-09-11,0.32,0.35,0.15,0.06,0.08,1517,0.0119766857676733,0.0122461030622375,0.00916774029389154,0.00609742913502821,0.00696540088526276,1424,4
"Forum Research",2019-09-11,0.324,0.363,0.086,0.041,0.116,1001,0.0147920652650397,0.0151986841535707,0.00886146006736331,0.00626735353077519,0.0101213417312903,1424,7
